request_id,submitted_at,url,status,song_id,title,processed_at,error
cb98f069-3242-44dd-ac4a-e14ecd6f4ff9,2026-05-10T19:52:36.682325+00:00,https://suno.com/s/bcxFk09MdD7RrRR1,processed,0eedd929-0025-4fe6-a04a-24926fea62cc,HEARTBEAT [Busy Remix],2026-05-10T20:16:46.507614+00:00,
7188810a-d2bb-4ff0-abef-c519e78f7577,2026-05-10T19:55:45.176767+00:00,https://suno.com/s/5oYJMPatei1D8hM1,processed,1250f5ef-c96e-484b-8a16-3bfb0d586aa7,Lonely,2026-05-10T20:16:47.818714+00:00,
d2374a87-6322-402c-93bb-7e3ecb500fce,2026-05-10T22:57:11.314944+00:00,https://suno.com/s/iB1aVIknljLF3GFL,processed,089839bb-5af7-4efd-8510-5319999b9385,My Pace [gaaia Remix],2026-05-10T23:05:17.895048+00:00,
de4dba0b-c319-444d-bab2-2443857ae0a0,2026-05-10T22:57:42.698420+00:00,https://suno.com/s/bJQpUvPUUrILCjnI,processed,85d59d15-aef9-4ab6-a16f-4d72fff5c22b,Static Night,2026-05-10T23:05:19.677240+00:00,
cff248d9-5353-40f7-8f60-49f3bb9534e1,2026-05-10T22:58:46.392890+00:00,https://suno.com/s/5oYJMPatei1D8hM1,processed,1250f5ef-c96e-484b-8a16-3bfb0d586aa7,Lonely,2026-05-10T23:05:23.476601+00:00,
d8e634a4-1a1a-48e8-8d43-c012cffbcf06,2026-05-10T22:58:56.491958+00:00,https://suno.com/s/xABpdW5KpHhOQL3R,processed,fabbd5fe-f1ab-4387-a622-58eb18d4e8a9,Wake Up,2026-05-10T23:05:25.275436+00:00,
3ca2050c-d9b6-4757-a641-4f30a025d73d,2026-05-10T23:21:24.689462+00:00,https://suno.com/s/dheefMFdQSsVZDD2,processed,f4cb4eae-c9ab-4a2e-9bf2-ab703d13636f,That's A Bar (ft. Ghost Ryder),2026-05-10T23:32:44.024078+00:00,
e4b83c9b-820d-48c7-9d23-07a00b04f037,2026-05-11T01:58:37.680179+00:00,https://suno.com/s/fxGzdTw5PsU00WNf,processed,35095163-55be-4f35-9f54-3b99391086bd,íPë¦¬L,2026-05-11T03:00:59.720820+00:00,
7ebe838d-b8ff-4f4f-9afb-322b6656fd35,2026-05-11T15:32:54.105185+00:00,https://suno.com/s/alqDI9byp85bXYbv,pending,,,,
0cdc0cf7-d3c1-40dc-ad72-072fd0d8619b,2026-05-11T15:33:16.682518+00:00,https://suno.com/s/ydHJeMcLXKv1bwSx,pending,,,,
c8cc13f2-d496-4d6a-81aa-f18a91fb25d1,2026-05-11T15:33:29.285062+00:00,https://suno.com/s/xOgdhNQyeHdZhriJ,pending,,,,
3a778fef-4e05-44a9-b9b8-71bdc5a2ecee,2026-05-11T15:33:37.758680+00:00,https://suno.com/song/1955c7c5-adab-4529-aba4-2354402b5bbf,pending,,,,
cdf55fb0-90d7-40d7-8dcb-a03768933105,2026-05-11T15:33:48.688621+00:00,https://suno.com/s/fxGzdTw5PsU00WNf,pending,,,,
2e637dec-aa9a-4a43-bd08-640c7d186f4d,2026-05-11T15:33:57.360782+00:00,https://suno.com/s/jgASFLWrk55Cr9vR,pending,,,,
a0331e44-45c8-41b6-9df2-a153d547ae15,2026-05-11T15:34:12.236469+00:00,https://suno.com/song/85d59d15-aef9-4ab6-a16f-4d72fff5c22b,pending,,,,
